"","from","to","total","currentPage","totalPages","queryTime","totalTime","partial","canonicalUrl","reviews.id","reviews.sku","reviews.rating"
"1",1,100,103,1,2,"0.005","0.025",FALSE,"/v1/reviews(sku=7623383)?show=id,sku,rating&format=json&apiKey=e5rfu7vtshnqqxfrtsmnefqm",50559232,7623383,5
"2",1,100,103,1,2,"0.005","0.025",FALSE,"/v1/reviews(sku=7623383)?show=id,sku,rating&format=json&apiKey=e5rfu7vtshnqqxfrtsmnefqm",48444786,7623383,5
"3",1,100,103,1,2,"0.005","0.025",FALSE,"/v1/reviews(sku=7623383)?show=id,sku,rating&format=json&apiKey=e5rfu7vtshnqqxfrtsmnefqm",48382107,7623383,5
"4",1,100,103,1,2,"0.005","0.025",FALSE,"/v1/reviews(sku=7623383)?show=id,sku,rating&format=json&apiKey=e5rfu7vtshnqqxfrtsmnefqm",47572178,7623383,5
"5",1,100,103,1,2,"0.005","0.025",FALSE,"/v1/reviews(sku=7623383)?show=id,sku,rating&format=json&apiKey=e5rfu7vtshnqqxfrtsmnefqm",47572012,7623383,5
"6",1,100,103,1,2,"0.005","0.025",FALSE,"/v1/reviews(sku=7623383)?show=id,sku,rating&format=json&apiKey=e5rfu7vtshnqqxfrtsmnefqm",47379854,7623383,5
"7",1,100,103,1,2,"0.005","0.025",FALSE,"/v1/reviews(sku=7623383)?show=id,sku,rating&format=json&apiKey=e5rfu7vtshnqqxfrtsmnefqm",47145193,7623383,5
"8",1,100,103,1,2,"0.005","0.025",FALSE,"/v1/reviews(sku=7623383)?show=id,sku,rating&format=json&apiKey=e5rfu7vtshnqqxfrtsmnefqm",47108558,7623383,5
"9",1,100,103,1,2,"0.005","0.025",FALSE,"/v1/reviews(sku=7623383)?show=id,sku,rating&format=json&apiKey=e5rfu7vtshnqqxfrtsmnefqm",46415849,7623383,5
"10",1,100,103,1,2,"0.005","0.025",FALSE,"/v1/reviews(sku=7623383)?show=id,sku,rating&format=json&apiKey=e5rfu7vtshnqqxfrtsmnefqm",45304700,7623383,5
"11",1,100,103,1,2,"0.005","0.025",FALSE,"/v1/reviews(sku=7623383)?show=id,sku,rating&format=json&apiKey=e5rfu7vtshnqqxfrtsmnefqm",45190633,7623383,5
"12",1,100,103,1,2,"0.005","0.025",FALSE,"/v1/reviews(sku=7623383)?show=id,sku,rating&format=json&apiKey=e5rfu7vtshnqqxfrtsmnefqm",44951133,7623383,5
"13",1,100,103,1,2,"0.005","0.025",FALSE,"/v1/reviews(sku=7623383)?show=id,sku,rating&format=json&apiKey=e5rfu7vtshnqqxfrtsmnefqm",44783255,7623383,5
"14",1,100,103,1,2,"0.005","0.025",FALSE,"/v1/reviews(sku=7623383)?show=id,sku,rating&format=json&apiKey=e5rfu7vtshnqqxfrtsmnefqm",44686600,7623383,4
"15",1,100,103,1,2,"0.005","0.025",FALSE,"/v1/reviews(sku=7623383)?show=id,sku,rating&format=json&apiKey=e5rfu7vtshnqqxfrtsmnefqm",44580104,7623383,5
"16",1,100,103,1,2,"0.005","0.025",FALSE,"/v1/reviews(sku=7623383)?show=id,sku,rating&format=json&apiKey=e5rfu7vtshnqqxfrtsmnefqm",44421330,7623383,5
"17",1,100,103,1,2,"0.005","0.025",FALSE,"/v1/reviews(sku=7623383)?show=id,sku,rating&format=json&apiKey=e5rfu7vtshnqqxfrtsmnefqm",44413725,7623383,5
"18",1,100,103,1,2,"0.005","0.025",FALSE,"/v1/reviews(sku=7623383)?show=id,sku,rating&format=json&apiKey=e5rfu7vtshnqqxfrtsmnefqm",44405211,7623383,5
"19",1,100,103,1,2,"0.005","0.025",FALSE,"/v1/reviews(sku=7623383)?show=id,sku,rating&format=json&apiKey=e5rfu7vtshnqqxfrtsmnefqm",44326641,7623383,5
"20",1,100,103,1,2,"0.005","0.025",FALSE,"/v1/reviews(sku=7623383)?show=id,sku,rating&format=json&apiKey=e5rfu7vtshnqqxfrtsmnefqm",44326198,7623383,4
"21",1,100,103,1,2,"0.005","0.025",FALSE,"/v1/reviews(sku=7623383)?show=id,sku,rating&format=json&apiKey=e5rfu7vtshnqqxfrtsmnefqm",43966919,7623383,5
"22",1,100,103,1,2,"0.005","0.025",FALSE,"/v1/reviews(sku=7623383)?show=id,sku,rating&format=json&apiKey=e5rfu7vtshnqqxfrtsmnefqm",43881362,7623383,4
"23",1,100,103,1,2,"0.005","0.025",FALSE,"/v1/reviews(sku=7623383)?show=id,sku,rating&format=json&apiKey=e5rfu7vtshnqqxfrtsmnefqm",43871853,7623383,5
"24",1,100,103,1,2,"0.005","0.025",FALSE,"/v1/reviews(sku=7623383)?show=id,sku,rating&format=json&apiKey=e5rfu7vtshnqqxfrtsmnefqm",43803652,7623383,5
"25",1,100,103,1,2,"0.005","0.025",FALSE,"/v1/reviews(sku=7623383)?show=id,sku,rating&format=json&apiKey=e5rfu7vtshnqqxfrtsmnefqm",43568848,7623383,5
"26",1,100,103,1,2,"0.005","0.025",FALSE,"/v1/reviews(sku=7623383)?show=id,sku,rating&format=json&apiKey=e5rfu7vtshnqqxfrtsmnefqm",43568320,7623383,5
"27",1,100,103,1,2,"0.005","0.025",FALSE,"/v1/reviews(sku=7623383)?show=id,sku,rating&format=json&apiKey=e5rfu7vtshnqqxfrtsmnefqm",43559672,7623383,5
"28",1,100,103,1,2,"0.005","0.025",FALSE,"/v1/reviews(sku=7623383)?show=id,sku,rating&format=json&apiKey=e5rfu7vtshnqqxfrtsmnefqm",43558395,7623383,5
"29",1,100,103,1,2,"0.005","0.025",FALSE,"/v1/reviews(sku=7623383)?show=id,sku,rating&format=json&apiKey=e5rfu7vtshnqqxfrtsmnefqm",43557586,7623383,5
"30",1,100,103,1,2,"0.005","0.025",FALSE,"/v1/reviews(sku=7623383)?show=id,sku,rating&format=json&apiKey=e5rfu7vtshnqqxfrtsmnefqm",43259395,7623383,5
"31",1,100,103,1,2,"0.005","0.025",FALSE,"/v1/reviews(sku=7623383)?show=id,sku,rating&format=json&apiKey=e5rfu7vtshnqqxfrtsmnefqm",43252283,7623383,5
"32",1,100,103,1,2,"0.005","0.025",FALSE,"/v1/reviews(sku=7623383)?show=id,sku,rating&format=json&apiKey=e5rfu7vtshnqqxfrtsmnefqm",43246416,7623383,5
"33",1,100,103,1,2,"0.005","0.025",FALSE,"/v1/reviews(sku=7623383)?show=id,sku,rating&format=json&apiKey=e5rfu7vtshnqqxfrtsmnefqm",43233117,7623383,5
"34",1,100,103,1,2,"0.005","0.025",FALSE,"/v1/reviews(sku=7623383)?show=id,sku,rating&format=json&apiKey=e5rfu7vtshnqqxfrtsmnefqm",43211600,7623383,5
"35",1,100,103,1,2,"0.005","0.025",FALSE,"/v1/reviews(sku=7623383)?show=id,sku,rating&format=json&apiKey=e5rfu7vtshnqqxfrtsmnefqm",42920489,7623383,4
"36",1,100,103,1,2,"0.005","0.025",FALSE,"/v1/reviews(sku=7623383)?show=id,sku,rating&format=json&apiKey=e5rfu7vtshnqqxfrtsmnefqm",42876806,7623383,5
"37",1,100,103,1,2,"0.005","0.025",FALSE,"/v1/reviews(sku=7623383)?show=id,sku,rating&format=json&apiKey=e5rfu7vtshnqqxfrtsmnefqm",42814210,7623383,5
"38",1,100,103,1,2,"0.005","0.025",FALSE,"/v1/reviews(sku=7623383)?show=id,sku,rating&format=json&apiKey=e5rfu7vtshnqqxfrtsmnefqm",42809509,7623383,5
"39",1,100,103,1,2,"0.005","0.025",FALSE,"/v1/reviews(sku=7623383)?show=id,sku,rating&format=json&apiKey=e5rfu7vtshnqqxfrtsmnefqm",42782985,7623383,4
"40",1,100,103,1,2,"0.005","0.025",FALSE,"/v1/reviews(sku=7623383)?show=id,sku,rating&format=json&apiKey=e5rfu7vtshnqqxfrtsmnefqm",42706018,7623383,5
"41",1,100,103,1,2,"0.005","0.025",FALSE,"/v1/reviews(sku=7623383)?show=id,sku,rating&format=json&apiKey=e5rfu7vtshnqqxfrtsmnefqm",42548614,7623383,5
"42",1,100,103,1,2,"0.005","0.025",FALSE,"/v1/reviews(sku=7623383)?show=id,sku,rating&format=json&apiKey=e5rfu7vtshnqqxfrtsmnefqm",42542264,7623383,5
"43",1,100,103,1,2,"0.005","0.025",FALSE,"/v1/reviews(sku=7623383)?show=id,sku,rating&format=json&apiKey=e5rfu7vtshnqqxfrtsmnefqm",42542059,7623383,1
"44",1,100,103,1,2,"0.005","0.025",FALSE,"/v1/reviews(sku=7623383)?show=id,sku,rating&format=json&apiKey=e5rfu7vtshnqqxfrtsmnefqm",42477100,7623383,4
"45",1,100,103,1,2,"0.005","0.025",FALSE,"/v1/reviews(sku=7623383)?show=id,sku,rating&format=json&apiKey=e5rfu7vtshnqqxfrtsmnefqm",42456521,7623383,5
"46",1,100,103,1,2,"0.005","0.025",FALSE,"/v1/reviews(sku=7623383)?show=id,sku,rating&format=json&apiKey=e5rfu7vtshnqqxfrtsmnefqm",42246829,7623383,5
"47",1,100,103,1,2,"0.005","0.025",FALSE,"/v1/reviews(sku=7623383)?show=id,sku,rating&format=json&apiKey=e5rfu7vtshnqqxfrtsmnefqm",42152608,7623383,5
"48",1,100,103,1,2,"0.005","0.025",FALSE,"/v1/reviews(sku=7623383)?show=id,sku,rating&format=json&apiKey=e5rfu7vtshnqqxfrtsmnefqm",42124621,7623383,5
"49",1,100,103,1,2,"0.005","0.025",FALSE,"/v1/reviews(sku=7623383)?show=id,sku,rating&format=json&apiKey=e5rfu7vtshnqqxfrtsmnefqm",42107034,7623383,5
"50",1,100,103,1,2,"0.005","0.025",FALSE,"/v1/reviews(sku=7623383)?show=id,sku,rating&format=json&apiKey=e5rfu7vtshnqqxfrtsmnefqm",42104971,7623383,5
"51",1,100,103,1,2,"0.005","0.025",FALSE,"/v1/reviews(sku=7623383)?show=id,sku,rating&format=json&apiKey=e5rfu7vtshnqqxfrtsmnefqm",42092760,7623383,5
"52",1,100,103,1,2,"0.005","0.025",FALSE,"/v1/reviews(sku=7623383)?show=id,sku,rating&format=json&apiKey=e5rfu7vtshnqqxfrtsmnefqm",42084505,7623383,5
"53",1,100,103,1,2,"0.005","0.025",FALSE,"/v1/reviews(sku=7623383)?show=id,sku,rating&format=json&apiKey=e5rfu7vtshnqqxfrtsmnefqm",41918998,7623383,5
"54",1,100,103,1,2,"0.005","0.025",FALSE,"/v1/reviews(sku=7623383)?show=id,sku,rating&format=json&apiKey=e5rfu7vtshnqqxfrtsmnefqm",41870115,7623383,4
"55",1,100,103,1,2,"0.005","0.025",FALSE,"/v1/reviews(sku=7623383)?show=id,sku,rating&format=json&apiKey=e5rfu7vtshnqqxfrtsmnefqm",41845756,7623383,3
"56",1,100,103,1,2,"0.005","0.025",FALSE,"/v1/reviews(sku=7623383)?show=id,sku,rating&format=json&apiKey=e5rfu7vtshnqqxfrtsmnefqm",41831053,7623383,5
"57",1,100,103,1,2,"0.005","0.025",FALSE,"/v1/reviews(sku=7623383)?show=id,sku,rating&format=json&apiKey=e5rfu7vtshnqqxfrtsmnefqm",41830459,7623383,5
"58",1,100,103,1,2,"0.005","0.025",FALSE,"/v1/reviews(sku=7623383)?show=id,sku,rating&format=json&apiKey=e5rfu7vtshnqqxfrtsmnefqm",41753187,7623383,5
"59",1,100,103,1,2,"0.005","0.025",FALSE,"/v1/reviews(sku=7623383)?show=id,sku,rating&format=json&apiKey=e5rfu7vtshnqqxfrtsmnefqm",41731238,7623383,5
"60",1,100,103,1,2,"0.005","0.025",FALSE,"/v1/reviews(sku=7623383)?show=id,sku,rating&format=json&apiKey=e5rfu7vtshnqqxfrtsmnefqm",41728203,7623383,3
"61",1,100,103,1,2,"0.005","0.025",FALSE,"/v1/reviews(sku=7623383)?show=id,sku,rating&format=json&apiKey=e5rfu7vtshnqqxfrtsmnefqm",41719382,7623383,5
"62",1,100,103,1,2,"0.005","0.025",FALSE,"/v1/reviews(sku=7623383)?show=id,sku,rating&format=json&apiKey=e5rfu7vtshnqqxfrtsmnefqm",41717700,7623383,5
"63",1,100,103,1,2,"0.005","0.025",FALSE,"/v1/reviews(sku=7623383)?show=id,sku,rating&format=json&apiKey=e5rfu7vtshnqqxfrtsmnefqm",41645294,7623383,5
"64",1,100,103,1,2,"0.005","0.025",FALSE,"/v1/reviews(sku=7623383)?show=id,sku,rating&format=json&apiKey=e5rfu7vtshnqqxfrtsmnefqm",41245597,7623383,5
"65",1,100,103,1,2,"0.005","0.025",FALSE,"/v1/reviews(sku=7623383)?show=id,sku,rating&format=json&apiKey=e5rfu7vtshnqqxfrtsmnefqm",41242482,7623383,5
"66",1,100,103,1,2,"0.005","0.025",FALSE,"/v1/reviews(sku=7623383)?show=id,sku,rating&format=json&apiKey=e5rfu7vtshnqqxfrtsmnefqm",41127238,7623383,5
"67",1,100,103,1,2,"0.005","0.025",FALSE,"/v1/reviews(sku=7623383)?show=id,sku,rating&format=json&apiKey=e5rfu7vtshnqqxfrtsmnefqm",41107655,7623383,5
"68",1,100,103,1,2,"0.005","0.025",FALSE,"/v1/reviews(sku=7623383)?show=id,sku,rating&format=json&apiKey=e5rfu7vtshnqqxfrtsmnefqm",41103057,7623383,4
"69",1,100,103,1,2,"0.005","0.025",FALSE,"/v1/reviews(sku=7623383)?show=id,sku,rating&format=json&apiKey=e5rfu7vtshnqqxfrtsmnefqm",40957298,7623383,5
"70",1,100,103,1,2,"0.005","0.025",FALSE,"/v1/reviews(sku=7623383)?show=id,sku,rating&format=json&apiKey=e5rfu7vtshnqqxfrtsmnefqm",40926221,7623383,5
"71",1,100,103,1,2,"0.005","0.025",FALSE,"/v1/reviews(sku=7623383)?show=id,sku,rating&format=json&apiKey=e5rfu7vtshnqqxfrtsmnefqm",40783339,7623383,5
"72",1,100,103,1,2,"0.005","0.025",FALSE,"/v1/reviews(sku=7623383)?show=id,sku,rating&format=json&apiKey=e5rfu7vtshnqqxfrtsmnefqm",40598716,7623383,5
"73",1,100,103,1,2,"0.005","0.025",FALSE,"/v1/reviews(sku=7623383)?show=id,sku,rating&format=json&apiKey=e5rfu7vtshnqqxfrtsmnefqm",40018162,7623383,5
"74",1,100,103,1,2,"0.005","0.025",FALSE,"/v1/reviews(sku=7623383)?show=id,sku,rating&format=json&apiKey=e5rfu7vtshnqqxfrtsmnefqm",40017538,7623383,4
"75",1,100,103,1,2,"0.005","0.025",FALSE,"/v1/reviews(sku=7623383)?show=id,sku,rating&format=json&apiKey=e5rfu7vtshnqqxfrtsmnefqm",39275472,7623383,5
"76",1,100,103,1,2,"0.005","0.025",FALSE,"/v1/reviews(sku=7623383)?show=id,sku,rating&format=json&apiKey=e5rfu7vtshnqqxfrtsmnefqm",39272708,7623383,5
"77",1,100,103,1,2,"0.005","0.025",FALSE,"/v1/reviews(sku=7623383)?show=id,sku,rating&format=json&apiKey=e5rfu7vtshnqqxfrtsmnefqm",39193663,7623383,5
"78",1,100,103,1,2,"0.005","0.025",FALSE,"/v1/reviews(sku=7623383)?show=id,sku,rating&format=json&apiKey=e5rfu7vtshnqqxfrtsmnefqm",39152314,7623383,5
"79",1,100,103,1,2,"0.005","0.025",FALSE,"/v1/reviews(sku=7623383)?show=id,sku,rating&format=json&apiKey=e5rfu7vtshnqqxfrtsmnefqm",39060680,7623383,5
"80",1,100,103,1,2,"0.005","0.025",FALSE,"/v1/reviews(sku=7623383)?show=id,sku,rating&format=json&apiKey=e5rfu7vtshnqqxfrtsmnefqm",39027973,7623383,5
"81",1,100,103,1,2,"0.005","0.025",FALSE,"/v1/reviews(sku=7623383)?show=id,sku,rating&format=json&apiKey=e5rfu7vtshnqqxfrtsmnefqm",38981561,7623383,5
"82",1,100,103,1,2,"0.005","0.025",FALSE,"/v1/reviews(sku=7623383)?show=id,sku,rating&format=json&apiKey=e5rfu7vtshnqqxfrtsmnefqm",38977740,7623383,5
"83",1,100,103,1,2,"0.005","0.025",FALSE,"/v1/reviews(sku=7623383)?show=id,sku,rating&format=json&apiKey=e5rfu7vtshnqqxfrtsmnefqm",38894407,7623383,5
"84",1,100,103,1,2,"0.005","0.025",FALSE,"/v1/reviews(sku=7623383)?show=id,sku,rating&format=json&apiKey=e5rfu7vtshnqqxfrtsmnefqm",38624965,7623383,5
"85",1,100,103,1,2,"0.005","0.025",FALSE,"/v1/reviews(sku=7623383)?show=id,sku,rating&format=json&apiKey=e5rfu7vtshnqqxfrtsmnefqm",38611595,7623383,5
"86",1,100,103,1,2,"0.005","0.025",FALSE,"/v1/reviews(sku=7623383)?show=id,sku,rating&format=json&apiKey=e5rfu7vtshnqqxfrtsmnefqm",38598090,7623383,5
"87",1,100,103,1,2,"0.005","0.025",FALSE,"/v1/reviews(sku=7623383)?show=id,sku,rating&format=json&apiKey=e5rfu7vtshnqqxfrtsmnefqm",38594893,7623383,5
"88",1,100,103,1,2,"0.005","0.025",FALSE,"/v1/reviews(sku=7623383)?show=id,sku,rating&format=json&apiKey=e5rfu7vtshnqqxfrtsmnefqm",38573721,7623383,5
"89",1,100,103,1,2,"0.005","0.025",FALSE,"/v1/reviews(sku=7623383)?show=id,sku,rating&format=json&apiKey=e5rfu7vtshnqqxfrtsmnefqm",38570936,7623383,4
"90",1,100,103,1,2,"0.005","0.025",FALSE,"/v1/reviews(sku=7623383)?show=id,sku,rating&format=json&apiKey=e5rfu7vtshnqqxfrtsmnefqm",38570396,7623383,5
"91",1,100,103,1,2,"0.005","0.025",FALSE,"/v1/reviews(sku=7623383)?show=id,sku,rating&format=json&apiKey=e5rfu7vtshnqqxfrtsmnefqm",38568346,7623383,4
"92",1,100,103,1,2,"0.005","0.025",FALSE,"/v1/reviews(sku=7623383)?show=id,sku,rating&format=json&apiKey=e5rfu7vtshnqqxfrtsmnefqm",38565520,7623383,4
"93",1,100,103,1,2,"0.005","0.025",FALSE,"/v1/reviews(sku=7623383)?show=id,sku,rating&format=json&apiKey=e5rfu7vtshnqqxfrtsmnefqm",38361808,7623383,5
"94",1,100,103,1,2,"0.005","0.025",FALSE,"/v1/reviews(sku=7623383)?show=id,sku,rating&format=json&apiKey=e5rfu7vtshnqqxfrtsmnefqm",38330892,7623383,1
"95",1,100,103,1,2,"0.005","0.025",FALSE,"/v1/reviews(sku=7623383)?show=id,sku,rating&format=json&apiKey=e5rfu7vtshnqqxfrtsmnefqm",38324307,7623383,5
"96",1,100,103,1,2,"0.005","0.025",FALSE,"/v1/reviews(sku=7623383)?show=id,sku,rating&format=json&apiKey=e5rfu7vtshnqqxfrtsmnefqm",38311981,7623383,5
"97",1,100,103,1,2,"0.005","0.025",FALSE,"/v1/reviews(sku=7623383)?show=id,sku,rating&format=json&apiKey=e5rfu7vtshnqqxfrtsmnefqm",37719213,7623383,4
"98",1,100,103,1,2,"0.005","0.025",FALSE,"/v1/reviews(sku=7623383)?show=id,sku,rating&format=json&apiKey=e5rfu7vtshnqqxfrtsmnefqm",37498949,7623383,5
"99",1,100,103,1,2,"0.005","0.025",FALSE,"/v1/reviews(sku=7623383)?show=id,sku,rating&format=json&apiKey=e5rfu7vtshnqqxfrtsmnefqm",37475629,7623383,5
"100",1,100,103,1,2,"0.005","0.025",FALSE,"/v1/reviews(sku=7623383)?show=id,sku,rating&format=json&apiKey=e5rfu7vtshnqqxfrtsmnefqm",37422861,7623383,4
